{
  "keyword": "老爸测评dha推荐哪几款",
  "sample_size": 4,
  "aggregated_stats": {
    "prediction_stats": {
      "ctr": {
        "mean": 0.13449139893054962,
        "median": 0.1355789676308632,
        "std": 0.007671981762844303,
        "min": 0.1253432035446167,
        "max": 0.1414644569158554,
        "count": 4
      },
      "ces_rate": {
        "mean": 0.04719231743365526,
        "median": 0.047191062942147255,
        "std": 0.00004993173766695736,
        "min": 0.04713917896151543,
        "max": 0.04724796488881111,
        "count": 4
      },
      "interaction_rate": {
        "mean": 0.025097977835685015,
        "median": 0.025063134729862213,
        "std": 0.0005408499412232509,
        "min": 0.024574147537350655,
        "max": 0.025691494345664978,
        "count": 4
      },
      "like_rate": {
        "mean": 0.012184055522084236,
        "median": 0.012254728469997644,
        "std": 0.0007722367380938254,
        "min": 0.011331363581120968,
        "max": 0.012895401567220688,
        "count": 4
      },
      "fav_rate": {
        "mean": 0.0073269413551315665,
        "median": 0.007326941704377532,
        "std": 8.814825902693398e-10,
        "min": 0.007326940074563026,
        "max": 0.007326941937208176,
        "count": 4
      },
      "comment_rate": {
        "mean": 0.0020162321452517062,
        "median": 0.0021790160099044442,
        "std": 0.00046608976587482606,
        "min": 0.0013551939046010375,
        "max": 0.002351702656596899,
        "count": 4
      },
      "share_rate": {
        "mean": 0.002138946147169918,
        "median": 0.0021319903898984194,
        "std": 0.00003652476197212455,
        "min": 0.0021040518768131733,
        "max": 0.0021877519320696592,
        "count": 4
      },
      "follow_rate": {
        "mean": 0.002285498601850122,
        "median": 0.0022990143625065684,
        "std": 0.0000587485461310285,
        "min": 0.0022086810786277056,
        "max": 0.0023352846037596464,
        "count": 4
      },
      "sort_score2": {
        "mean": 0.4772165045142174,
        "median": 0.4804171323776245,
        "std": 0.025223736500244922,
        "min": 0.44790783524513245,
        "max": 0.500123918056488,
        "count": 4
      },
      "impression": {
        "mean": 51307.96463282734,
        "median": 48856.9549238241,
        "std": 6778.2763209939085,
        "min": 46476.460636924174,
        "max": 61041.48804673697,
        "count": 4
      }
    },
    "tag_frequencies": {
      "intention_lv1": {
        "经验知识教程": 1,
        "分享": 2,
        "分享感受": 1
      },
      "intention_lv2": {
        "推荐测评": 2,
        "分享日常": 2
      },
      "taxonomy1": {
        "母婴": 4
      },
      "taxonomy2": {
        "婴童用品": 1,
        "婴童食品": 1,
        "母婴日常": 2
      },
      "taxonomy3": {
        "婴童用品": 1,
        "婴童食品": 1,
        "孕产经验": 1,
        "育儿经验": 1
      },
      "note_marketing_integrated_level": {
        "商品推荐": 2,
        "生活记录": 2
      }
    },
    "tag_modes": {
      "intention_lv1": "分享",
      "intention_lv2": "分享日常",
      "taxonomy1": "母婴",
      "taxonomy2": "母婴日常",
      "taxonomy3": "婴童用品",
      "note_marketing_integrated_level": "商品推荐"
    },
    "sample_size": 4,
    "outliers_removed": 0
  },
  "metric_profiles": [
    {
      "metric_name": "ctr",
      "sample_size": 4,
      "variance_level": "low",
      "relevant_features": [
        "keywords",
        "opening_hook",
        "visual_appeal",
        "authority_indicators"
      ],
      "feature_analyses": {},
      "metric_success_narrative": "该指标在所有笔记中表现一致，共性特征包括利用权威背书（如“老爸评测”）、清晰的痛点切入以及实用的产品推荐，有效吸引用户点击。",
      "timestamp": "2024-05-15T10:00:00Z"
    },
    {
      "metric_name": "ces_rate",
      "sample_size": 4,
      "variance_level": "low",
      "relevant_features": [
        "authority_indicators",
        "value_propositions",
        "pain_points",
        "credibility_signals"
      ],
      "feature_analyses": {},
      "metric_success_narrative": "综合互动率（CES）表现出极低的方差，表明内容策略在驱动用户整体互动方面非常稳定和有效，核心在于可信赖的推荐和实用价值。",
      "timestamp": "2024-05-15T10:00:00Z"
    },
    {
      "metric_name": "interaction_rate",
      "sample_size": 4,
      "variance_level": "low",
      "relevant_features": [
        "authority_indicators",
        "emotional_triggers",
        "value_propositions",
        "pain_points"
      ],
      "feature_analyses": {},
      "metric_success_narrative": "互动率稳定，说明内容能够持续激发用户的参与意愿。这得益于权威推荐、用户痛点共鸣以及清晰的价值传递。",
      "timestamp": "2024-05-15T10:00:00Z"
    },
    {
      "metric_name": "like_rate",
      "sample_size": 4,
      "variance_level": "low",
      "relevant_features": [
        "credibility_signals",
        "value_propositions",
        "emotional_triggers",
        "authority_indicators"
      ],
      "feature_analyses": {},
      "metric_success_narrative": "点赞率稳定且处于中等水平，表明内容提供了用户认可的价值和情感连接，例如通过权威背书和解决育儿难题来获得用户的肯定。",
      "timestamp": "2024-05-15T10:00:00Z"
    },
    {
      "metric_name": "fav_rate",
      "sample_size": 4,
      "variance_level": "low",
      "relevant_features": [
        "value_propositions",
        "authority_indicators",
        "pain_points",
        "credibility_signals"
      ],
      "feature_analyses": {},
      "metric_success_narrative": "收藏率几乎没有方差，显示内容被用户视为极具参考价值和可保存性，尤其是在提供权威背书的产品推荐时，用户倾向于将其作为长期参考资源。",
      "timestamp": "2024-05-15T10:00:00Z"
    },
    {
      "metric_name": "comment_rate",
      "sample_size": 4,
      "variance_level": "medium",
      "relevant_features": [
        "ending_cta",
        "emotional_triggers",
        "social_proof",
        "pain_points"
      ],
      "feature_analyses": {},
      "metric_success_narrative": "评论率表现出中等方差，说明部分内容更能激发用户讨论。例如，提出开放性问题、分享高度个人化经历或利用社会认同（如群友推荐）的内容，更容易获得用户评论。",
      "timestamp": "2024-05-15T10:00:00Z"
    },
    {
      "metric_name": "share_rate",
      "sample_size": 4,
      "variance_level": "low",
      "relevant_features": [
        "value_propositions",
        "pain_points",
        "emotional_triggers",
        "authority_indicators"
      ],
      "feature_analyses": {},
      "metric_success_narrative": "分享率较低且稳定，表明内容虽有价值，但用户分享意愿不高。这可能与内容的高度专业性、利基市场定位或主要作为个人参考工具的属性有关。",
      "timestamp": "2024-05-15T10:00:00Z"
    },
    {
      "metric_name": "follow_rate",
      "sample_size": 4,
      "variance_level": "low",
      "relevant_features": [
        "authority_indicators",
        "credibility_signals",
        "value_propositions",
        "pain_points"
      ],
      "feature_analyses": {},
      "metric_success_narrative": "关注率稳定，显示内容持续为用户建立信任并证明其价值，从而吸引用户订阅。这表明持续提供权威、可靠的育儿信息是吸引粉丝的关键。",
      "timestamp": "2024-05-15T10:00:00Z"
    },
    {
      "metric_name": "sort_score2",
      "sample_size": 4,
      "variance_level": "low",
      "relevant_features": [
        "keywords",
        "authority_indicators",
        "interaction_rate",
        "value_propositions"
      ],
      "feature_analyses": {},
      "metric_success_narrative": "排序分数稳定且较高，表明内容与用户搜索意图高度相关，且互动表现良好。精准的关键词（如“老爸测评”、“DHA”）、权威背书和高互动性是提升排名的关键因素。",
      "timestamp": "2024-05-15T10:00:00Z"
    },
    {
      "metric_name": "impression",
      "sample_size": 4,
      "variance_level": "low",
      "relevant_features": [
        "keywords",
        "tags",
        "visual_appeal",
        "title_pattern"
      ],
      "feature_analyses": {},
      "metric_success_narrative": "曝光量稳定，说明内容在目标关键词下具有持续的可见性。优化的关键词、相关的标签以及吸引人的标题和视觉元素共同作用，确保了内容的稳定曝光。",
      "timestamp": "2024-05-15T10:00:00Z"
    }
  ],
  "key_success_factors": [
    "利用“老爸评测”等权威背书建立信任，显著提升点击率和用户好感度。",
    "提供精准、实用的DHA产品推荐，直接解决母婴用户的核心痛点。",
    "内容结构清晰，信息传递有效，辅以吸引人的视觉元素，保证了高点击率和互动率。",
    "持续输出高质量、可信赖的育儿知识和产品评测，有效转化为用户收藏和关注。"
  ],
  "viral_formula_summary": "通过权威背书（如“老爸评测”）建立信任，结合精准的DHA产品推荐和对育儿痛点的深入洞察，辅以清晰的视觉呈现和互动引导，能够有效吸引用户点击、收藏并建立长期关注，形成稳定的高表现内容模式。",
  "analysis_timestamp": "2024-05-15T10:00:00Z"
}