{"keyword":"老爸测评dha推荐哪几款","sample_size":4,"aggregated_stats":{"prediction_stats":{"ctr":{"mean":0.13449139893054962,"median":0.1355789676308632,"std":0.007671981762844303,"min":0.1253432035446167,"max":0.1414644569158554,"count":4},"ces_rate":{"mean":0.04719231743365526,"median":0.047191062942147255,"std":0.00004993173766695736,"min":0.04713917896151543,"max":0.04724796488881111,"count":4},"interaction_rate":{"mean":0.025097977835685015,"median":0.025063134729862213,"std":0.0005408499412232509,"min":0.024574147537350655,"max":0.025691494345664978,"count":4},"like_rate":{"mean":0.012184055522084236,"median":0.012254728469997644,"std":0.0007722367380938254,"min":0.011331363581120968,"max":0.012895401567220688,"count":4},"fav_rate":{"mean":0.0073269413551315665,"median":0.007326941704377532,"std":8.814825902693398e-10,"min":0.007326940074563026,"max":0.007326941937208176,"count":4},"comment_rate":{"mean":0.0020162321452517062,"median":0.0021790160099044442,"std":0.00046608976587482606,"min":0.0013551939046010375,"max":0.002351702656596899,"count":4},"share_rate":{"mean":0.002138946147169918,"median":0.0021319903898984194,"std":0.00003652476197212455,"min":0.0021040518768131733,"max":0.0021877519320696592,"count":4},"follow_rate":{"mean":0.002285498601850122,"median":0.0022990143625065684,"std":0.0000587485461310285,"min":0.0022086810786277056,"max":0.0023352846037596464,"count":4},"sort_score2":{"mean":0.4772165045142174,"median":0.4804171323776245,"std":0.025223736500244922,"min":0.44790783524513245,"max":0.500123918056488,"count":4},"impression":{"mean":51307.96463282734,"median":48856.9549238241,"std":6778.2763209939085,"min":46476.460636924174,"max":61041.48804673697,"count":4}},"tag_frequencies":{"intention_lv1":{"经验知识教程":1,"分享":2,"分享感受":1},"intention_lv2":{"推荐测评":2,"分享日常":2},"taxonomy1":{"母婴":4},"taxonomy2":{"婴童用品":1,"婴童食品":1,"母婴日常":2},"taxonomy3":{"婴童用品":1,"婴童食品":1,"孕产经验":1,"育儿经验":1},"note_marketing_integrated_level":{"商品推荐":2,"生活记录":2}},"tag_modes":{"intention_lv1":"分享","intention_lv2":"分享日常","taxonomy1":"母婴","taxonomy2":"母婴日常","taxonomy3":"婴童用品","note_marketing_integrated_level":"商品推荐"},"sample_size":4,"outliers_removed":0},"metric_profiles":[{"metric_name":"sort_score2","sample_size":4,"variance_level":"low","relevant_features":["Authority & Trust (老爸评测)","Clear Value Proposition","Authentic & Informative Visuals"],"feature_analyses":{"Authority & Trust (老爸评测)":{"feature_name":"Authority & Trust (老爸评测)","prevalence_count":4,"prevalence_pct":100.0,"examples":["老爸评测","跟老爸评测抄作业","老爸评测推荐"],"why_it_works":"Leverages the established reputation of \"老爸评测\" to build immediate credibility and trust, directly influencing user perception and ranking.","creation_formula":"在标题、开头或内容中明确提及'老爸评测'，并将其作为推荐理由。","key_elements":["标题包含'老爸评测'","开头点明'老爸评测'","将'老爸评测'作为产品背书","视觉上呼应'老爸评测'风格"]},"Clear Value Proposition":{"feature_name":"Clear Value Proposition","prevalence_count":4,"prevalence_pct":100.0,"examples":["4款宝妈都在囤的DHA","平价好用清单","性价比超高"],"why_it_works":"Clearly communicates the benefits and value of the recommended DHA products, addressing user needs for effective and affordable solutions.","creation_formula":"清晰列出产品卖点（如DHA含量、吸收率、价格），并用数据或对比说明其价值。","key_elements":["明确列出DHA含量","强调性价比","对比不同产品优劣","说明产品对宝宝发育的好处"]},"Authentic & Informative Visuals":{"feature_name":"Authentic & Informative Visuals","prevalence_count":4,"prevalence_pct":100.0,"examples":["产品包装图","清晰的品牌Logo","产品细节图"],"why_it_works":"High-quality, authentic visuals build trust and provide essential product information at a glance, encouraging users to click and engage.","creation_formula":"使用高清、真实的产品图片，封面图吸引人，内页图展示关键信息。","key_elements":["封面图突出产品或核心信息","内页图展示产品包装","图片清晰可读","色彩搭配健康、专业"]}},"metric_success_narrative":"High performance in sort_score2 is driven by leveraging the strong authority of \"老爸评测\", presenting a clear value proposition for DHA products, and using authentic, informative visuals that build trust and encourage engagement.","timestamp":"2023-10-27T10:30:00Z"},{"metric_name":"ctr","sample_size":4,"variance_level":"low","relevant_features":["Catchy Titles","Authority & Trust (老爸评测)","Authentic & Informative Visuals"],"feature_analyses":{"Catchy Titles":{"feature_name":"Catchy Titles","prevalence_count":4,"prevalence_pct":100.0,"examples":["老爸评测 | 4款宝妈都在囤的DHA推荐","【老爸评测】DHA怎么选？这份平价好用清单请收好！"],"why_it_works":"Titles incorporating \"老爸评测\", benefit-driven keywords, and numbers/emojis effectively capture user attention in search results, increasing click-through rates.","creation_formula":"标题包含'老爸评测'、'DHA'、行动词（推荐/测评/选择）和吸引点（如数量、省钱、避坑）。","key_elements":["标题包含核心关键词","加入数字或列表形式","使用吸引眼球的词汇","考虑加入表情符号"]},"Authority & Trust (老爸评测)":{"feature_name":"Authority & Trust (老爸评测)","prevalence_count":4,"prevalence_pct":100.0,"examples":["老爸评测","跟老爸评测抄作业"],"why_it_works":"The mention of \"老爸评测\" in the title acts as a strong signal of trustworthiness and relevance, prompting users to click for reliable recommendations.","creation_formula":"在标题中直接点明'老爸评测'，利用其品牌效应吸引用户点击。","key_elements":["标题包含'老爸评测'","利用品牌背书","暗示内容权威性"]},"Authentic & Informative Visuals":{"feature_name":"Authentic & Informative Visuals","prevalence_count":4,"prevalence_pct":100.0,"examples":["产品包装图","封面图突出产品"],"why_it_works":"Appealing and informative cover images, often featuring the product clearly, provide a visual promise of the content's value, encouraging clicks.","creation_formula":"设计一个信息清晰、视觉吸引人的封面图，突出产品或核心卖点。","key_elements":["封面图清晰展示产品","使用吸引人的色彩","文字信息易于阅读","与标题内容一致"]}},"metric_success_narrative":"High CTR is achieved by crafting compelling titles that include the trusted \"老爸评测\" brand and highlight key benefits, supported by visually appealing and informative cover images that promise valuable content.","timestamp":"2023-10-27T10:30:00Z"},{"metric_name":"interaction_rate","sample_size":4,"variance_level":"low","relevant_features":["Pain Point & Emotional Resonance","Content Structure & Readability","Clear Value Proposition"],"feature_analyses":{"Pain Point & Emotional Resonance":{"feature_name":"Pain Point & Emotional Resonance","prevalence_count":4,"prevalence_pct":100.0,"examples":["宝宝大脑发育","钱包在滴血","穷谁也不能穷孩子"],"why_it_works":"Addressing parental anxieties and concerns about child development and cost creates an emotional connection, encouraging users to engage with the content and share their own experiences.","creation_formula":"在内容中融入用户痛点（如选择困难、价格焦虑）和情感共鸣（如对孩子成长的关爱）。","key_elements":["点明家长对孩子发育的担忧","提及选择DHA的困扰","用 relatable 的语言表达","引发情感共鸣"]},"Content Structure & Readability":{"feature_name":"Content Structure & Readability","prevalence_count":4,"prevalence_pct":100.0,"examples":["使用列表","分点论述","清晰的段落划分"],"why_it_works":"Well-organized and easy-to-read content keeps users engaged longer, making them more likely to interact by liking, commenting, or saving.","creation_formula":"使用小标题、列表、重点标记等方式，使内容结构清晰，易于阅读和消化。","key_elements":["使用项目符号或编号列表","段落简短","关键信息加粗或高亮","逻辑清晰"]},"Clear Value Proposition":{"feature_name":"Clear Value Proposition","prevalence_count":4,"prevalence_pct":100.0,"examples":["推荐理由","产品对比","性价比分析"],"why_it_works":"Providing concrete reasons and evidence for recommendations empowers users and encourages them to interact by asking questions or sharing their own insights.","creation_formula":"详细说明推荐理由，提供产品对比，让用户觉得内容有价值，愿意进一步互动。","key_elements":["详细列出推荐理由","提供产品对比表格","分析产品优缺点","给出明确的购买建议"]}},"metric_success_narrative":"High interaction rates stem from content that deeply resonates with parental pain points and emotions, is structured for easy readability, and offers a clear, well-supported value proposition that encourages user engagement and discussion.","timestamp":"2023-10-27T10:30:00Z"}],